zbin,name,Cluster Name,ra,dec,z,gal_l,mass,complete,lowmass,CHANCES,Abell,CODEX,ACT-DR5,PSZ2,LoVoCCS,HIFLUGCS,MeerKAT,m200,c200,r200,d200
1,PSZ2 G255.32-56.27,ABELL 3104,48.61404,-45.43075,0.072,255.33,2.35,False,True,,ABELL 3104,,ACT-CL J0314.4-4524,PSZ2 G255.32-56.27,,,,3.37,4.14,1.44,16.91
1,PSZ2 G219.45-35.90,ABELL 0514,72.04702,-20.44462,0.072,219.46,3.33,False,True,,ABELL 0514,73371,,PSZ2 G219.45-35.90,A514,,,4.8,4.06,1.61,18.98
1,PSZ2 G319.41-27.54,ABELL S0810,288.30356,-75.36198,0.073,319.42,3.03,False,True,,ABELL S0810,,,PSZ2 G319.41-27.54,,,,4.37,4.08,1.56,18.25
1,PSZ2 G331.96-45.74,ABELL 3825,329.55246,-60.41267,0.075,331.97,2.81,False,True,,ABELL 3825,99242,,PSZ2 G331.96-45.74,A3825,,,4.04,4.09,1.52,17.24
1,PSZ2 G252.99-56.09,ABELL 3112,49.45073,-44.26502,0.075,253.0,3.95,False,True,,ABELL 3112,,ACT-CL J0317.9-4420,PSZ2 G252.99-56.09,,,,5.69,4.04,1.71,19.27
1,PSZ2 G245.70-33.75,ABELL 3336,80.38411,-40.83413,0.076,245.7,2.62,False,True,,ABELL 3336,85026,,PSZ2 G245.70-33.75,,,,3.76,4.11,1.49,16.71
1,PSZ2 G336.95-45.75,ABELL 3806,326.62806,-57.27727,0.076,336.96,3.34,False,True,,ABELL 3806,,,PSZ2 G336.95-45.75,,,,4.81,4.06,1.61,18.04
1,PSZ2 G331.12+62.31,ABELL 1773,205.55023,2.25632,0.076,331.13,3.31,False,True,,ABELL 1773,57908,,PSZ2 G331.12+62.31,,,,4.77,4.06,1.61,17.89
1,PSZ2 G081.31-68.56,ABELL 2670,358.56911,-10.44525,0.076,81.31,3.73,False,True,,ABELL 2670,68307,,PSZ2 G081.31-68.56,A2670,,,5.37,4.05,1.67,18.6
1,PSZ2 G254.96+55.88,ABELL 1205,168.21725,2.48375,0.078,254.96,3.13,False,True,,ABELL 1205,57368,ACT-CL J1112.8+0229,PSZ2 G254.96+55.88,A1205,,,4.51,4.07,1.58,17.24
1,PSZ2 G279.51-44.85,ABELL S0362,53.24723,-64.23133,0.079,279.52,2.29,False,True,,ABELL S0362,97185,,PSZ2 G279.51-44.85,,,,3.29,4.14,1.42,15.41
1,PSZ2 G084.81-62.18,64081,356.06568,-4.38991,0.079,84.81,4.2,False,True,,,64081,ACT-CL J2344.3-0422,PSZ2 G084.81-62.18,RXCJ2344.2-0422,RXJ2344,,6.06,4.04,1.74,18.88
1,PSZ2 G336.01-51.27,96724,335.98367,-55.3103,0.079,336.02,2.75,False,True,,,96724,,PSZ2 G336.01-51.27,,,,3.95,4.1,1.51,16.28
1,PSZ2 G235.74-67.98,80950,37.33753,-33.51074,0.079,235.75,2.72,False,True,,,80950,,PSZ2 G235.74-67.98,,,,3.9,4.1,1.5,16.19
1,PSZ2 G346.86-45.38,ABELL 3771,322.44885,-50.77706,0.08,346.87,2.73,False,True,,ABELL 3771,93933,,PSZ2 G346.86-45.38,,,,3.93,4.1,1.51,16.15
1,PSZ2 G045.10-43.18,ABELL 2377,326.47205,-10.09242,0.081,45.1,3.78,False,True,,ABELL 2377,67918,ACT-CL J2145.9-1006,PSZ2 G045.10-43.18,A2377,,,5.45,4.05,1.68,17.77
1,PSZ2 G048.08-46.63,ABELL 2410,330.57306,-9.88947,0.081,48.08,2.85,False,True,,ABELL 2410,67970,,PSZ2 G048.08-46.63,,,,4.1,4.09,1.53,16.14
1,PSZ2 G113.02-64.68,55182,8.63596,-2.13867,0.081,113.02,3.14,False,True,,,55182,,PSZ2 G113.02-64.68,RXCJ0034.6-0208,,,4.52,4.07,1.58,16.62
1,PSZ2 G292.74+33.49,ABELL 3506,183.18797,-28.61211,0.082,292.75,2.79,False,True,,ABELL 3506,78939,,PSZ2 G292.74+33.49,,,,4.01,4.09,1.52,15.9
1,PSZ2 G222.52+20.58,ABELL 0653,125.44952,1.23018,0.082,222.53,3.09,False,True,,ABELL 0653,56837,ACT-CL J0821.8+0111,PSZ2 G222.52+20.58,,,,4.45,4.07,1.57,16.34
1,PSZ2 G044.46-65.42,ABELL 2538,347.17389,-19.9184,0.083,44.46,3.47,False,True,,ABELL 2538,,,PSZ2 G044.46-65.42,,,,4.99,4.06,1.63,16.85
1,PSZ2 G308.64+60.26,ABELL 1663,195.69295,-2.48397,0.085,308.65,3.0,False,True,,ABELL 1663,57834,ACT-CL J1302.8-0230,PSZ2 G308.64+60.26,,,,4.32,4.08,1.55,15.73
1,PSZ2 G322.77+59.52,ABELL 1750,202.77714,-1.80554,0.085,322.78,4.35,False,True,,ABELL 1750,57957,,PSZ2 G322.77+59.52,A1750,,,6.27,4.03,1.76,17.72
1,PSZ2 G065.32-64.84,ABELL 2597,351.31887,-12.12521,0.085,65.32,3.35,False,True,,ABELL 2597,68241,,PSZ2 G065.32-64.84,A2597,A2597,MCXC J2325.3-1207,4.83,4.06,1.61,16.24
1,PSZ2 G269.31-49.87,ABELL 3126,52.17589,-55.72033,0.085,269.31,4.4,False,True,,ABELL 3126,,ACT-CL J0328.6-5541,PSZ2 G269.31-49.87,,,,6.35,4.04,1.76,17.77
1,PSZ2 G037.05-70.55,PSZ2 G037.05-70.55,351.52522,-24.12065,0.088,37.06,2.99,False,True,,,,,PSZ2 G037.05-70.55,,,,4.31,4.08,1.55,15.17
1,PSZ2 G255.07+54.84,ACT-CL J1110.3+0143,167.57596,1.65955,0.089,255.08,2.91,False,True,,,,ACT-CL J1110.3+0143,PSZ2 G255.07+54.84,,,,4.19,4.08,1.53,14.92
1,PSZ2 G007.76-36.83,ABELL 3705,310.43929,-35.18776,0.089,7.77,3.56,False,True,,ABELL 3705,83621,ACT-CL J2041.5-3508,PSZ2 G007.76-36.83,,,,5.13,4.05,1.64,15.84
1,PSZ2 G059.72-46.21,59343,334.64841,-2.95741,0.09,59.72,3.0,False,True,,,59343,,PSZ2 G059.72-46.21,,,,4.33,4.08,1.55,14.85
1,PSZ2 G224.38-24.95,ABELL 3358,84.58471,-20.64543,0.091,224.38,3.42,False,True,,ABELL 3358,73591,ACT-CL J0538.2-2038,PSZ2 G224.38-24.95,,,,4.93,4.06,1.62,15.31
1,PSZ2 G018.84+22.43,PSZ2 G018.84+22.43,256.60669,-1.50328,0.091,18.85,4.86,False,True,,,,,PSZ2 G018.84+22.43,,,,7.01,4.03,1.82,17.27
1,PSZ2 G255.52-35.66,ABELL 3330,78.70656,-49.0458,0.091,255.53,2.88,False,True,,ABELL 3330,91897,,PSZ2 G255.52-35.66,,,,4.15,4.08,1.53,14.5
1,PSZ2 G200.63-64.71,ABELL 0367,39.10859,-19.34895,0.091,200.63,3.34,False,True,,ABELL 0367,68918,,PSZ2 G200.63-64.71,,,,4.82,4.06,1.61,15.32
1,PSZ2 G062.44-46.43,ABELL 2440,335.98567,-1.61691,0.091,62.44,4.68,False,True,,ABELL 2440,59380,,PSZ2 G062.44-46.43,A2440,,,6.75,4.03,1.8,17.15
1,PSZ2 G099.57-58.64,ABELL 2700,0.94506,2.05365,0.092,99.58,3.02,False,True,,ABELL 2700,55038,ACT-CL J0003.8+0203,PSZ2 G099.57-58.64,,,,4.35,4.08,1.55,14.55
1,PSZ2 G008.80-35.18,ABELL 3694,308.65951,-34.06151,0.094,8.81,4.01,False,True,,ABELL 3694,83605,,PSZ2 G008.80-35.18,,,,5.78,4.04,1.71,15.81
1,PSZ2 G072.40-78.45,ABELL 0013,3.43054,-19.48619,0.094,72.4,3.72,False,True,,ABELL 0013,,,PSZ2 G072.40-78.45,A13,,MCXC J0013.6-1930,5.36,4.05,1.66,15.35
1,PSZ2 G324.54-44.97,101367,334.50479,-65.177,0.095,324.54,4.05,False,True,,,101367,,PSZ2 G324.54-44.97,RBS1847,,,5.84,4.04,1.71,15.63
1,PSZ2 G358.94-70.57,ABELL 4010,352.78031,-36.54981,0.096,358.94,3.4,False,True,,ABELL 4010,,ACT-CL J2331.2-3630,PSZ2 G358.94-70.57,A4010,,,4.9,4.06,1.61,14.66
1,PSZ2 G356.53+28.66,PSZ2 G356.53+28.66,239.6132,-14.16067,0.097,356.54,3.98,False,True,,,,,PSZ2 G356.53+28.66,RXCJ1558.3-1410,,,5.73,4.04,1.7,15.25
1,PSZ2 G272.08-29.06,ABELL S0567,91.48696,-62.79719,0.098,272.09,3.0,False,True,,ABELL S0567,97725,,PSZ2 G272.08-29.06,,,,4.32,4.07,1.54,13.78
1,PSZ2 G049.69-49.46,ABELL 2426,333.61761,-10.35244,0.098,49.7,4.9,False,True,,ABELL 2426,68049,ACT-CL J2214.5-1022,PSZ2 G049.69-49.46,A2426,,,7.07,4.03,1.82,16.2
1,PSZ2 G314.26-55.35,ABELL 4067,359.70648,-60.59652,0.099,314.27,3.05,False,True,,ABELL 4067,,,PSZ2 G314.26-55.35,A4067,,,4.39,4.07,1.55,13.71
1,PSZ2 G226.16-21.95,ABELL 0550,88.21371,-21.06502,0.099,226.16,5.22,False,True,,ABELL 0550,73599,ACT-CL J0552.9-2103,PSZ2 G226.16-21.95,,,,7.53,4.03,1.86,16.41
1,PSZ2 G340.46-52.20,ABELL 3864,335.08023,-52.45181,0.102,340.46,3.42,False,True,,ABELL 3864,94020,,PSZ2 G340.46-52.20,,,,4.93,4.05,1.61,13.85
1,PSZ2 G244.11-53.59,ABELL 3142,54.24953,-39.8299,0.103,244.12,3.73,False,True,,ABELL 3142,,,PSZ2 G244.11-53.59,,,,5.38,4.04,1.66,14.13
1,PSZ2 G342.51-50.97,ABELL 3836,332.38257,-51.82283,0.106,342.52,3.2,False,True,,ABELL 3836,94009,ACT-CL J2209.3-5147,PSZ2 G342.51-50.97,A3836,,,4.6,4.06,1.57,13.01
1,PSZ2 G346.30-30.35,ABELL 3653,298.31002,-52.06647,0.107,346.3,3.98,False,True,,ABELL 3653,,,PSZ2 G346.30-30.35,,,,5.73,4.04,1.69,13.95
1,PSZ2 G358.21-87.49,Abell2811,10.51932,-28.53339,0.108,358.21,4.92,False,True,Abell2811,ABELL 2811,76783,ACT-CL J0042.1-2832,PSZ2 G358.21-87.49,A2811,,MCXC J0042.1-2832,7.09,4.03,1.82,14.81
1,PSZ2 G041.43-66.81,ABELL 2554,348.10844,-21.55073,0.111,41.44,3.66,False,True,,ABELL 2554,76524,ACT-CL J2312.2-2130,PSZ2 G041.43-66.81,A2554,,,5.27,4.05,1.64,13.13
1,PSZ2 G065.81-83.77,ABELL 0042,7.15038,-23.63187,0.112,65.81,3.82,False,True,,ABELL 0042,72590,,PSZ2 G065.81-83.77,A42,,,5.5,4.04,1.67,13.19
1,PSZ2 G302.85-88.63,ABELL 2829,12.86147,-28.49781,0.112,302.86,4.19,False,True,,ABELL 2829,76852,,PSZ2 G302.85-88.63,,,,6.03,4.04,1.72,13.55
1,PSZ2 G045.50-37.21,63703,321.31991,-6.97814,0.115,45.51,3.79,False,True,,,63703,,PSZ2 G045.50-37.21,RXCJ2125.2-0657,,,5.46,4.04,1.66,12.81
1,PSZ2 G352.28-77.66,ABELL 2721,1.48968,-34.70146,0.115,352.28,5.4,False,True,,ABELL 2721,80599,ACT-CL J0005.9-3443,PSZ2 G352.28-77.66,A2721,,,7.78,4.04,1.87,14.48
1,PSZ2 G255.64-25.30,88833,94.2368,-47.79069,0.116,255.65,3.89,False,True,,,88833,,PSZ2 G255.64-25.30,,,MCXC J0616.8-4748,5.6,4.04,1.67,12.81
1,PSZ2 G285.52-62.23,ABELL 2941,26.26237,-53.0405,0.117,285.52,4.9,False,True,,ABELL 2941,91401,ACT-CL J0144.9-5301,PSZ2 G285.52-62.23,A2941,,MCXC J0145.0-5300,7.07,4.04,1.81,13.8
1,PSZ2 G295.34+23.34,86198,183.89083,-38.99294,0.119,295.35,5.71,False,True,,,86198,,PSZ2 G295.34+23.34,RXCJ1215.4-3900,,,8.22,4.05,1.9,14.27
1,PSZ2 G127.71-69.55,PSZ2 G127.71-69.55,14.53889,-6.75059,0.119,127.71,5.48,False,True,,,,,PSZ2 G127.71-69.55,,,,7.89,4.04,1.87,14.05
1,PSZ2 G277.38+47.07,ABELL 1348,175.36749,-12.29897,0.119,277.39,3.79,False,True,,ABELL 1348,,,PSZ2 G277.38+47.07,A1348,,,5.46,4.04,1.66,12.4
1,PSZ2 G000.04+45.13,ABELL 2051,229.19051,-1.01722,0.12,0.04,5.35,False,True,,ABELL 2051,58230,,PSZ2 G000.04+45.13,,,,7.7,4.04,1.86,13.88
1,PSZ2 G278.33-41.53,ABELL 3216,60.93188,-65.24202,0.12,278.33,4.53,False,True,,ABELL 3216,99654,,PSZ2 G278.33-41.53,,,,6.53,4.04,1.76,13.12
1,PSZ2 G346.36-77.71,ABELL 2730,2.48662,-35.66487,0.12,346.37,3.32,False,True,,ABELL 2730,80611,,PSZ2 G346.36-77.71,,,,4.79,4.05,1.59,11.82
1,PSZ2 G047.73-60.15,ABELL 2496,342.75837,-16.40015,0.122,47.74,4.54,False,True,,ABELL 2496,72226,ACT-CL J2250.9-1624,PSZ2 G047.73-60.15,,,,6.54,4.04,1.76,12.92
1,PSZ2 G268.30+28.89,74623,159.59889,-24.88419,0.123,268.3,3.82,False,True,,,74623,,PSZ2 G268.30+28.89,,,,5.51,4.04,1.66,12.12
1,PSZ2 G198.47-23.69,56036,75.34242,1.15538,0.125,198.48,4.9,False,True,,,56036,ACT-CL J0501.4+0110,PSZ2 G198.47-23.69,,,,7.05,4.04,1.8,12.99
1,PSZ2 G315.36+38.54,ABELL 1757,203.42017,-23.30417,0.126,315.36,5.24,False,True,,ABELL 1757,75132,,PSZ2 G315.36+38.54,,,,7.55,4.04,1.84,13.14
1,PSZ2 G282.12+54.04,ABELL 1448,180.72976,-6.85829,0.127,282.12,6.28,False,True,,ABELL 1448,62255,,PSZ2 G282.12+54.04,,,,9.05,4.06,1.96,13.91
1,PSZ2 G306.50+38.50,ABELL 3541,195.9278,-24.28065,0.129,306.51,5.77,False,True,,ABELL 3541,75079,,PSZ2 G306.50+38.50,,,,8.31,4.05,1.9,13.34
1,PSZ2 G039.98-53.12,ACT-CL J2216.9-1725,334.23695,-17.40761,0.13,39.98,4.69,False,True,,,,ACT-CL J2216.9-1725,PSZ2 G039.98-53.12,,,,6.76,4.04,1.77,12.34
1,PSZ2 G282.67+20.83,86086,168.5496,-38.18372,0.131,282.68,6.0,False,True,,,86086,,PSZ2 G282.67+20.83,,,,8.64,4.06,1.92,13.34
1,PSZ2 G044.07-59.30,ABELL 2478,341.13824,-17.71689,0.132,44.07,4.09,False,True,,ABELL 2478,,,PSZ2 G044.07-59.30,,,,5.9,4.04,1.69,11.6
1,PSZ2 G256.38+44.04,ABELL 1084,161.13657,-7.05995,0.134,256.38,4.3,False,True,,ABELL 1084,61933,,PSZ2 G256.38+44.04,,,,6.19,4.04,1.72,11.65
1,PSZ2 G039.32-59.88,ABELL 2474,340.7698,-20.16404,0.136,39.32,4.31,False,True,,ABELL 2474,,ACT-CL J2243.0-2010,PSZ2 G039.32-59.88,,,,6.2,4.04,1.72,11.53
1,PSZ2 G167.98-59.95,ABELL 0329,33.68422,-4.58562,0.139,167.99,5.81,False,True,,ABELL 0329,60076,ACT-CL J0214.7-0432,PSZ2 G167.98-59.95,,,,8.37,4.06,1.9,12.46
1,PSZ2 G342.62-39.60,ABELL 3718,313.97211,-54.91498,0.139,342.63,4.06,False,True,,ABELL 3718,96545,ACT-CL J2055.9-5456,PSZ2 G342.62-39.60,,,,5.85,4.04,1.68,11.08
1,PSZ2 G006.82-34.71,83570,307.71099,-35.56413,0.14,6.82,4.25,False,True,,,83570,,PSZ2 G006.82-34.71,,,,6.13,4.04,1.71,11.2
1,PSZ2 G276.09-41.53,ABELL 3230,62.66391,-63.74112,0.14,276.09,3.88,False,True,,ABELL 3230,97286,,PSZ2 G276.09-41.53,,,,5.59,4.04,1.66,10.85
1,PSZ2 G002.08-68.28,ABELL S1109,349.63243,-36.33256,0.14,2.09,3.82,False,True,,ABELL S1109,84026,ACT-CL J2318.4-3618,PSZ2 G002.08-68.28,,,,5.51,4.04,1.65,10.79
1,PSZ2 G042.81-82.97,ABELL 0022,5.17247,-25.71381,0.141,42.81,5.75,False,True,,ABELL 0022,76675,ACT-CL J0020.6-2543,PSZ2 G042.81-82.97,,,MCXC J0020.7-2542,8.28,4.05,1.89,12.28
1,PSZ2 G002.77-56.16,ABELL 3856,334.65947,-38.87941,0.141,2.78,5.95,False,True,,ABELL 3856,87617,ACT-CL J2218.6-3853,PSZ2 G002.77-56.16,,,,8.57,4.06,1.91,12.42
1,PSZ2 G272.16+33.47,ABELL 1146,165.30661,-22.72895,0.142,272.17,5.16,False,True,,ABELL 1146,74668,,PSZ2 G272.16+33.47,,,,7.43,4.04,1.82,11.81
1,PSZ2 G046.26-70.47,ABELL 2606,352.44707,-21.1699,0.143,46.27,4.07,False,True,,ABELL 2606,,,PSZ2 G046.26-70.47,,,,5.86,4.04,1.68,10.81
1,PSZ2 G312.63-66.40,ABELL 2777,6.8029,-50.26857,0.145,312.63,4.78,False,True,,ABELL 2777,91211,ACT-CL J0027.3-5014,PSZ2 G312.63-66.40,,,MCXC J0027.3-5015,6.89,4.04,1.78,11.28
1,PSZ2 G028.77-33.56,ABELL 2328,312.06145,-17.80897,0.147,28.78,6.09,False,True,,ABELL 2328,,,PSZ2 G028.77-33.56,,,,8.77,4.07,1.92,12.03
1,PSZ2 G236.92-26.65,ABELL 3364,86.90073,-31.87297,0.148,236.93,6.6,False,True,,ABELL 3364,81557,ACT-CL J0547.6-3152,PSZ2 G236.92-26.65,,,,9.5,4.08,1.97,12.3
1,PSZ2 G008.47-56.34,ABELL 3854,334.44364,-35.71557,0.149,8.47,6.46,False,True,,ABELL 3854,83922,ACT-CL J2217.7-3543,PSZ2 G008.47-56.34,,,,9.31,4.08,1.96,12.19
1,PSZ2 G015.75-28.66,PSZ2 G015.75-28.66,303.07718,-26.70543,0.149,15.75,4.4,False,True,,,,,PSZ2 G015.75-28.66,,,,6.34,4.04,1.72,10.7
2,PSZ2 G359.07-32.12,ABELL 3668,303.0189,-41.48688,0.15,359.07,6.37,False,True,,ABELL 3668,87290,ACT-CL J2011.9-4129,PSZ2 G359.07-32.12,,,,9.18,4.07,1.95,12.06
2,PSZ2 G249.91-39.86,ABELL 3292,72.44709,-44.68982,0.15,249.92,4.87,False,True,,ABELL 3292,88534,ACT-CL J0449.9-4440,PSZ2 G249.91-39.86,,,MCXC J0449.9-4440,7.01,4.04,1.78,10.99
2,PSZ2 G232.84+38.13,ABELL 0847,145.111,2.47193,0.151,232.85,4.63,False,True,,ABELL 0847,57043,,PSZ2 G232.84+38.13,,,,6.67,4.04,1.75,10.77
2,PSZ2 G053.63-41.84,ABELL 2389,328.54492,-4.00194,0.151,53.63,4.39,False,True,,ABELL 2389,63745,,PSZ2 G053.63-41.84,,,,6.33,4.04,1.72,10.58
2,PSZ2 G004.04+42.23,58293,233.27334,-0.67542,0.151,4.05,4.85,False,True,,,58293,,PSZ2 G004.04+42.23,,,,6.98,4.04,1.78,10.9
2,PSZ2 G254.90+33.92,66249,153.41402,-13.84736,0.152,254.9,4.29,False,True,,,66249,,PSZ2 G254.90+33.92,,,,6.19,4.04,1.71,10.45
2,PSZ2 G247.19-23.31,ABELL S0579,94.13412,-39.83285,0.152,247.19,5.5,False,True,,ABELL S0579,85242,ACT-CL J0616.5-3947,PSZ2 G247.19-23.31,,,,7.93,4.05,1.86,11.33
2,PSZ2 G003.91-42.03,ABELL 3740,316.46751,-38.75316,0.152,3.91,6.36,False,True,,ABELL 3740,,,PSZ2 G003.91-42.03,,,,9.17,4.07,1.95,11.88
2,PSZ2 G181.71-68.65,ABELL 0305,31.649,-14.88002,0.153,181.71,5.35,False,True,,ABELL 0305,68763,,PSZ2 G181.71-68.65,,,,7.71,4.05,1.84,11.16
2,PSZ2 G002.82+39.23,ABELL 2104,235.01518,-3.28514,0.153,2.83,7.74,False,True,,ABELL 2104,,ACT-CL J1540.1-0318,PSZ2 G002.82+39.23,,,,11.11,4.11,2.08,12.58
2,PSZ2 G256.24+34.83,ABELL 0976,154.88686,-13.92839,0.153,256.25,5.52,False,True,,ABELL 0976,66251,,PSZ2 G256.24+34.83,,,,7.95,4.05,1.86,11.29
2,PSZ2 G329.53-54.73,ABELL 3950,345.1035,-56.27688,0.153,329.54,4.33,False,True,,ABELL 3950,96813,ACT-CL J2300.0-5617,PSZ2 G329.53-54.73,,,,6.24,4.04,1.71,10.41
2,PSZ2 G244.71+32.50,ABELL 0868,146.38223,-8.64106,0.154,244.71,7.05,False,True,,ABELL 0868,66012,,PSZ2 G244.71+32.50,,,,10.15,4.09,2.01,12.19
2,PSZ2 G214.61-22.70,ABELL 0545,83.10173,-11.54308,0.154,214.61,7.28,False,True,,ABELL 0545,,,PSZ2 G214.61-22.70,,,MCXC J0532.3-1131,10.45,4.1,2.03,12.28
2,PSZ2 G262.95+45.74,61948,165.89668,-8.58646,0.154,262.96,4.48,False,True,,,61948,,PSZ2 G262.95+45.74,,,,6.46,4.04,1.73,10.46
2,PSZ2 G009.45-56.93,ABELL 3866,335.13356,-35.1376,0.154,9.46,5.42,False,True,,ABELL 3866,,ACT-CL J2220.5-3509,PSZ2 G009.45-56.93,,,,7.81,4.05,1.85,11.12
2,PSZ2 G280.17+47.83,ABELL 1391,177.44691,-12.29657,0.156,280.18,8.17,False,True,,ABELL 1391,66531,,PSZ2 G280.17+47.83,,,,11.73,4.13,2.11,12.64
2,PSZ2 G233.25-30.01,77764,82.08003,-29.71756,0.158,233.25,4.52,False,True,,,77764,ACT-CL J0528.2-2942,PSZ2 G233.25-30.01,,,,6.52,4.04,1.74,10.24
2,PSZ2 G209.17-80.38,ABELL 0214,23.55604,-26.09296,0.16,209.17,4.27,False,True,,ABELL 0214,,ACT-CL J0134.4-2606,PSZ2 G209.17-80.38,,,,6.15,4.04,1.7,9.97
2,PSZ2 G018.32-28.50,ACT-CL J2014.8-2430,303.70035,-24.51051,0.161,18.32,6.87,False,True,,,,ACT-CL J2014.8-2430,PSZ2 G018.32-28.50,,,,9.88,4.09,1.99,11.57
2,PSZ2 G247.97+33.52,Abell0901,148.98719,-10.02959,0.163,247.98,4.34,False,True,Abell0901,ABELL 0901,66116,,PSZ2 G247.97+33.52,,,,6.26,4.04,1.71,9.82
2,PSZ2 G000.40-41.86,ABELL 3739,316.08448,-41.35417,0.165,0.4,7.15,False,True,,ABELL 3739,87428,ACT-CL J2104.3-4120,PSZ2 G000.40-41.86,,,,10.26,4.1,2.01,11.48
2,PSZ2 G024.44+22.76,ACT-CL J1715.1+0309,258.83517,3.17182,0.165,24.44,6.08,False,True,,,,ACT-CL J1715.1+0309,PSZ2 G024.44+22.76,,,,8.76,4.07,1.91,10.91
2,PSZ2 G249.38+33.26,Abell0907,149.60178,-11.06901,0.167,249.38,7.29,False,True,Abell0907,ABELL 0907,66133,,PSZ2 G249.38+33.26,,,,10.47,4.11,2.03,11.45
2,PSZ2 G225.56-27.27,ABELL 0543,82.65066,-22.45935,0.171,225.57,4.78,False,True,,ABELL 0543,73516,ACT-CL J0530.6-2227,PSZ2 G225.56-27.27,,,,6.89,4.05,1.76,9.77
2,PSZ2 G005.91-28.26,ABELL 3654,299.80687,-34.89178,0.173,5.91,5.78,False,True,,ABELL 3654,,,PSZ2 G005.91-28.26,,,,8.33,4.07,1.87,10.29
2,PSZ2 G245.47-53.62,ABELL 3140,54.06088,-40.62374,0.173,245.48,5.96,False,True,,ABELL 3140,,ACT-CL J0336.2-4037,PSZ2 G245.47-53.62,,,,8.59,4.08,1.89,10.39
2,PSZ2 G188.57-68.86,ABELL 2985,32.95654,-17.03482,0.174,188.58,4.51,False,True,,ABELL 2985,68800,ACT-CL J0211.8-1701,PSZ2 G188.57-68.86,,,,6.49,4.04,1.72,9.41
2,PSZ2 G249.87-21.65,ABELL 3396,97.19544,-41.7119,0.176,249.87,5.18,False,True,,ABELL 3396,85281,ACT-CL J0628.8-4143,PSZ2 G249.87-21.65,,,,7.47,4.06,1.8,9.77
2,PSZ2 G039.85-39.96,ABELL 2345,321.75144,-12.16167,0.176,39.85,7.98,False,True,,ABELL 2345,67938,ACT-CL J2127.0-1210,PSZ2 G039.85-39.96,,,,11.46,4.14,2.08,11.26
2,PSZ2 G358.98-67.26,ABELL 3984,348.92656,-37.7791,0.179,358.99,7.05,False,True,,ABELL 3984,87733,ACT-CL J2315.7-3747,PSZ2 G358.98-67.26,,,,10.12,4.11,1.99,10.67
2,PSZ2 G173.90-51.89,ABELL 0381,41.51149,-0.74336,0.179,173.91,5.04,False,True,,ABELL 0381,55606,ACT-CL J0245.8-0042,PSZ2 G173.90-51.89,,,,7.27,4.05,1.79,9.52
2,PSZ2 G301.11+60.05,ABELL 1612,191.95286,-2.80029,0.18,301.12,5.96,False,True,,ABELL 1612,57790,,PSZ2 G301.11+60.05,,,,8.58,4.08,1.89,10.05
2,PSZ2 G328.58-25.25,101226,284.01773,-66.94046,0.18,328.59,5.16,False,True,,,101226,,PSZ2 G328.58-25.25,,,,7.43,4.06,1.8,9.57
2,PSZ2 G262.83+25.77,ABELL 0955,153.2577,-24.50361,0.18,262.83,5.03,False,True,,ABELL 0955,74549,,PSZ2 G262.83+25.77,,,,7.25,4.05,1.78,9.48
2,PSZ2 G291.34-55.31,97021,26.31629,-60.58803,0.181,291.35,4.97,False,True,,,97021,,PSZ2 G291.34-55.31,,,MCXC J0145.2-6033,7.17,4.05,1.78,9.42
2,PSZ2 G174.40-57.33,ABELL 0362,37.93007,-4.86115,0.184,174.41,5.34,False,True,,ABELL 0362,60155,ACT-CL J0231.7-0453,PSZ2 G174.40-57.33,,,,7.7,4.06,1.82,9.48
2,PSZ2 G022.12-38.81,ACT-CL J2102.1-2431,315.55111,-24.57287,0.188,22.12,5.03,False,True,,,,ACT-CL J2102.1-2431,PSZ2 G022.12-38.81,,,,7.25,4.06,1.78,9.13
2,PSZ2 G212.25-53.20,73103,52.77565,-21.0276,0.188,212.25,5.86,False,True,,,73103,ACT-CL J0331.1-2100,PSZ2 G212.25-53.20,,,,8.44,4.08,1.87,9.61
2,PSZ2 G312.94+55.38,ABELL 1698,198.5684,-7.0412,0.189,312.94,5.17,False,True,,ABELL 1698,62425,,PSZ2 G312.94+55.38,,,,7.45,4.06,1.79,9.16
2,PSZ2 G260.85-62.19,ABELL 3036,39.27204,-45.35554,0.19,260.86,5.07,False,True,,ABELL 3036,88234,ACT-CL J0236.6-4516,PSZ2 G260.85-62.19,,,,7.3,4.06,1.78,9.07
2,PSZ2 G223.04-20.27,ABELL 0551,88.67915,-17.73825,0.19,223.05,5.3,False,True,,ABELL 0551,69545,,PSZ2 G223.04-20.27,,,,7.64,4.06,1.81,9.21
2,PSZ2 G269.03+44.22,ABELL 1211,168.72467,-12.20323,0.191,269.04,5.68,False,True,,ABELL 1211,66445,,PSZ2 G269.03+44.22,,,,8.18,4.08,1.85,9.37
2,PSZ2 G253.48-33.72,ABELL 3343,81.46259,-47.26231,0.191,253.49,6.3,False,True,,ABELL 3343,88679,ACT-CL J0525.8-4715,PSZ2 G253.48-33.72,,,MCXC J0525.8-4715,9.06,4.09,1.91,9.69
2,PSZ2 G233.05+23.67,61501,133.08726,-5.58344,0.192,233.05,5.01,False,True,,,61501,,PSZ2 G233.05+23.67,,,,7.22,4.06,1.77,8.96
2,PSZ2 G313.55+41.93,ABELL 1732,201.26656,-20.24106,0.193,313.56,5.45,False,True,,ABELL 1732,,,PSZ2 G313.55+41.93,,,,7.86,4.07,1.82,9.19
2,PSZ2 G288.27+39.97,Abell1451,180.82543,-21.52479,0.199,288.27,9.66,False,True,Abell1451,ABELL 1451,74869,,PSZ2 G288.27+39.97,,,,13.81,4.23,2.2,10.77
2,PSZ2 G234.06-30.74,ABELL 3342,81.49206,-30.58751,0.199,234.06,5.81,False,True,,ABELL 3342,77779,ACT-CL J0525.8-3035,PSZ2 G234.06-30.74,,,,8.37,4.08,1.86,9.11
2,PSZ2 G358.34-47.31,ABELL 3783,323.48568,-42.66643,0.2,358.34,5.67,False,True,,ABELL 3783,90911,ACT-CL J2134.0-4238,PSZ2 G358.34-47.31,,,,8.18,4.08,1.84,9.01
2,PSZ2 G224.53-30.27,ABELL S0519,79.26717,-22.6129,0.2,224.54,5.01,False,True,,ABELL S0519,73520,ACT-CL J0516.9-2237,PSZ2 G224.53-30.27,,,,7.22,4.06,1.77,8.64
2,PSZ2 G250.89-36.24,ABELL 3322,77.5981,-45.32916,0.2,250.9,7.74,False,True,,ABELL 3322,88650,ACT-CL J0510.3-4519,PSZ2 G250.89-36.24,,,MCXC J0510.2-4519,11.12,4.15,2.04,9.99
2,PSZ2 G026.73-38.94,ABELL 2336,316.84284,-21.18401,0.202,26.73,7.3,False,True,,ABELL 2336,,ACT-CL J2107.4-2110,PSZ2 G026.73-38.94,,,,10.48,4.14,2.0,9.71
2,PSZ2 G326.71+50.30,ABELL 1807,208.00817,-9.74826,0.202,326.71,5.45,False,True,,ABELL 1807,66817,,PSZ2 G326.71+50.30,,,,7.86,4.07,1.82,8.82
2,PSZ2 G257.32-22.19,ABELL 3399,99.32565,-48.484,0.203,257.33,7.16,False,True,,ABELL 3399,92119,ACT-CL J0637.3-4829,PSZ2 G257.32-22.19,,,MCXC J0637.3-4828,10.28,4.13,1.99,9.62
2,PSZ2 G225.48+29.41,ABELL 0732,134.4753,3.17442,0.203,225.49,6.2,False,True,,ABELL 0732,52344,ACT-CL J0857.8+0310,PSZ2 G225.48+29.41,,,,8.91,4.1,1.89,9.16
2,PSZ2 G286.62-31.24,PSZ2 G286.62-31.24,82.84024,-75.1931,0.21,286.62,7.67,False,True,,,,,PSZ2 G286.62-31.24,,,,11.0,4.16,2.03,9.54
2,PSZ2 G262.23+34.48,70405,158.59145,-17.34417,0.21,262.24,5.07,False,True,,,70405,,PSZ2 G262.23+34.48,,,,7.31,4.07,1.77,8.33
2,PSZ2 G162.49-71.98,ABELL 0223,24.50997,-12.79744,0.211,162.49,6.26,False,True,,ABELL 0223,64520,,PSZ2 G162.49-71.98,,,,9.0,4.1,1.9,8.9
2,PSZ2 G322.63-49.15,99356,343.53061,-63.24521,0.211,322.63,6.27,False,True,,,99356,,PSZ2 G322.63-49.15,,,,9.01,4.1,1.9,8.89
2,PSZ2 G285.87-74.93,84277,18.69567,-41.41344,0.213,285.87,6.06,False,True,,,84277,ACT-CL J0114.7-4123,PSZ2 G285.87-74.93,,,,8.71,4.1,1.87,8.73
2,PSZ2 G223.16-68.81,77089,36.8096,-28.83774,0.214,223.17,5.58,False,True,,,77089,ACT-CL J0227.1-2851,PSZ2 G223.16-68.81,,,,8.05,4.08,1.82,8.47
2,PSZ2 G355.07+46.20,RXC J1504.1-0248,226.02267,-2.79844,0.215,355.07,8.99,False,True,RXC J1504.1-0248,,58190,ACT-CL J1504.1-0248,PSZ2 G355.07+46.20,,,,12.88,4.22,2.13,9.85
2,PSZ2 G318.14-29.57,PSZ2 G318.14-29.57,296.77571,-76.40337,0.217,318.14,7.94,False,True,,,,,PSZ2 G318.14-29.57,,,,11.37,4.17,2.04,9.39
2,PSZ2 G295.19-56.99,ABELL S0157,21.20583,-59.6325,0.217,295.19,5.19,False,True,,ABELL S0157,96952,ACT-CL J0124.7-5937,PSZ2 G295.19-56.99,,,,7.48,4.07,1.78,8.17
2,PSZ2 G240.61-60.40,ABELL 3084,46.01923,-36.91938,0.219,240.62,5.75,False,True,,ABELL 3084,,ACT-CL J0304.0-3656,PSZ2 G240.61-60.40,,,,8.27,4.09,1.84,8.37
2,PSZ2 G355.07+55.32,ABELL 1942,219.61402,3.6809,0.219,355.07,5.77,False,True,,ABELL 1942,53527,,PSZ2 G355.07+55.32,,,,8.31,4.09,1.84,8.38
2,PSZ2 G256.53-65.70,ABELL 3017,36.46238,-41.92138,0.22,256.53,8.2,False,True,,ABELL 3017,84568,ACT-CL J0225.8-4154,PSZ2 G256.53-65.70,,,MCXC J0225.9-4154,11.75,4.18,2.07,9.4
2,PSZ2 G318.62+58.55,ABELL 1729,200.98189,-3.31892,0.22,318.62,5.96,False,True,,ABELL 1729,62393,ACT-CL J1324.2-0319,PSZ2 G318.62+58.55,,,,8.56,4.1,1.86,8.45
2,PSZ2 G200.95-28.16,ACT-CL J0450.3-0256,72.58349,-3.00734,0.22,200.96,7.15,False,True,,,,ACT-CL J0450.3-0256,PSZ2 G200.95-28.16,,,PLCK G200.9-28.2,10.27,4.14,1.97,8.97
2,PSZ2 G350.12+45.29,ABELL 1994,224.11256,-5.81764,0.22,350.13,7.17,False,True,,ABELL 1994,62687,,PSZ2 G350.12+45.29,,,,10.3,4.15,1.98,8.98
2,PSZ2 G347.58-35.35,ABELL S0871,306.45449,-51.27715,0.22,347.59,5.84,False,True,,ABELL S0871,93831,ACT-CL J2025.9-5117,PSZ2 G347.58-35.35,,,,8.39,4.09,1.85,8.39
2,PSZ2 G303.54+36.49,ABELL 1633,193.41076,-26.36936,0.221,303.55,5.68,False,True,,ABELL 1633,79014,,PSZ2 G303.54+36.49,,,,8.17,4.09,1.83,8.27
2,PSZ2 G306.02+34.47,PSZ2 G306.02+34.47,195.75176,-28.32998,0.221,306.02,6.74,False,True,,,,,PSZ2 G306.02+34.47,,,,9.68,4.13,1.93,8.75
2,PSZ2 G014.09+38.38,53709,240.85614,3.32237,0.222,14.1,6.37,False,True,,,53709,ACT-CL J1603.3+0317,PSZ2 G014.09+38.38,,,,9.16,4.11,1.9,8.56
2,PSZ2 G059.81-39.09,ABELL 2397,329.03827,1.421,0.224,59.82,6.73,False,True,,ABELL 2397,59289,ACT-CL J2156.1+0123,PSZ2 G059.81-39.09,,,,9.67,4.13,1.93,8.66
2,PSZ2 G011.06-63.84,ABELL 3934,343.38622,-33.73886,0.224,11.07,5.49,False,True,,ABELL 3934,,ACT-CL J2253.5-3343,PSZ2 G011.06-63.84,,,,7.91,4.09,1.81,8.1
2,PSZ2 G220.11+22.91,52264,126.44772,4.30362,0.225,220.11,6.58,False,True,,,52264,ACT-CL J0825.9+0414,PSZ2 G220.11+22.91,,,,9.44,4.12,1.92,8.57
2,PSZ2 G263.14-23.41,PSZ2 G263.14-23.41,99.72452,-53.9814,0.227,263.15,9.21,False,True,PSZ2 G263.14-23.41,ABELL S0592,95047,ACT-CL J0638.7-5358,PSZ2 G263.14-23.41,,,MCXC J0638.7-5358,13.14,4.23,2.14,9.5
2,PSZ2 G153.00-58.26,ABELL 0267,28.14512,0.99034,0.227,153.01,6.81,False,True,,ABELL 0267,55475,ACT-CL J0152.6+0100,PSZ2 G153.00-58.26,,,,9.77,4.14,1.94,8.59
2,PSZ2 G212.82-84.04,ABELL 2895,19.5485,-26.95876,0.228,212.83,7.66,False,True,,ABELL 2895,76905,ACT-CL J0118.2-2658,PSZ2 G212.82-84.04,,,MCXC J0118.1-2658,10.97,4.17,2.01,8.91
2,PSZ2 G286.39+64.06,ABELL 1530,185.70321,2.11578,0.229,286.39,5.53,False,True,,ABELL 1530,57654,,PSZ2 G286.39+64.06,,,,7.96,4.09,1.81,7.97
2,PSZ2 G253.13+57.49,ABELL 1208,168.55488,4.35088,0.229,253.14,6.53,False,True,,ABELL 1208,52787,ACT-CL J1114.1+0420,PSZ2 G253.13+57.49,,,,9.37,4.13,1.91,8.4
2,PSZ2 G175.69-85.98,ABELL 0141,16.37598,-24.65484,0.23,175.69,7.65,False,True,,ABELL 0141,72680,ACT-CL J0105.5-2438,PSZ2 G175.69-85.98,,,,10.96,4.17,2.01,8.83
2,PSZ2 G055.95-34.89,ABELL 2355,323.826,1.41045,0.231,55.95,9.08,False,True,,ABELL 2355,59207,ACT-CL J2135.2+0125,PSZ2 G055.95-34.89,,,,12.96,4.23,2.12,9.3
2,PSZ2 G342.33-34.93,PSZ2 G342.33-34.93,305.85326,-55.57511,0.232,342.34,9.01,False,True,PSZ2 G342.33-34.93,,96552,ACT-CL J2023.3-5535,PSZ2 G342.33-34.93,,,MCXC J2023.4-5535,12.86,4.23,2.12,9.24
2,PSZ2 G092.16-66.01,ABELL 2697,0.78784,-6.07221,0.232,92.16,8.04,False,True,,ABELL 2697,59697,ACT-CL J0003.2-0605,PSZ2 G092.16-66.01,,,,11.51,4.19,2.04,8.91
2,PSZ2 G222.99-65.70,ABELL 3041,40.35443,-28.65943,0.232,223.0,8.34,False,True,,ABELL 3041,77178,ACT-CL J0241.3-2838,PSZ2 G222.99-65.70,,,,11.94,4.2,2.07,9.01
2,PSZ2 G315.56-37.04,PSZ2 G315.56-37.04,328.91193,-75.43091,0.233,315.57,7.68,False,True,,,,,PSZ2 G315.56-37.04,,,,10.99,4.17,2.01,8.74
2,PSZ2 G219.88+22.83,ABELL 0664,126.2813,4.45637,0.233,219.88,6.84,False,True,,ABELL 0664,52258,ACT-CL J0824.9+0426,PSZ2 G219.88+22.83,,,,9.82,4.14,1.94,8.43
2,PSZ2 G053.64-34.48,59226,322.41014,0.0733,0.235,53.64,5.85,False,True,,,59226,ACT-CL J2129.6+0005,PSZ2 G053.64-34.48,,,,8.41,4.1,1.84,7.95
2,PSZ2 G176.25-52.57,ABELL 0384,42.05598,-2.2374,0.236,176.26,8.18,False,True,,ABELL 0384,,ACT-CL J0248.2-0216,PSZ2 G176.25-52.57,,,,11.72,4.2,2.05,8.84
2,PSZ2 G243.34-50.92,ACT-CL J0351.1-3937,57.75945,-39.63819,0.237,243.34,5.55,False,True,,,,ACT-CL J0351.1-3937,PSZ2 G243.34-50.92,,,,7.98,4.09,1.8,7.75
2,PSZ2 G347.17-27.36,PSZ2 G347.17-27.36,293.72297,-50.878,0.237,347.18,9.69,False,True,PSZ2 G347.17-27.36,ABELL S0821,93773,ACT-CL J1934.9-5050,PSZ2 G347.17-27.36,,,,13.84,4.27,2.17,9.3
2,PSZ2 G215.19-49.65,ABELL 3168,57.0011,-21.73505,0.24,215.2,8.08,False,True,,ABELL 3168,73166,ACT-CL J0347.9-2144,PSZ2 G215.19-49.65,,,,11.58,4.2,2.04,8.68
2,PSZ2 G039.21-75.96,ABELL 2663,357.46532,-24.75525,0.244,39.22,5.26,False,True,,ABELL 2663,,,PSZ2 G039.21-75.96,,,,7.57,4.09,1.77,7.44
2,PSZ2 G155.46-60.15,ABELL 0268,28.38664,-1.26598,0.244,155.46,5.75,False,True,,ABELL 0268,55505,ACT-CL J0153.5-0118,PSZ2 G155.46-60.15,,,,8.26,4.1,1.82,7.65
2,PSZ2 G309.49+37.31,RXC J1314.4-2515,198.63127,-25.26572,0.244,309.5,9.06,False,True,RXC J1314.4-2515,,75021,,PSZ2 G309.49+37.31,,,MCXC J1314.4-2515,12.93,4.25,2.11,8.88
2,PSZ2 G064.11-53.72,ABELL 2489,342.29576,-5.44675,0.245,64.12,6.04,False,True,,ABELL 2489,63877,ACT-CL J2249.1-0526,PSZ2 G064.11-53.72,,,,8.67,4.12,1.85,7.74
2,PSZ2 G047.71-59.47,ABELL 2485,342.1206,-16.10844,0.247,47.72,6.22,False,True,,ABELL 2485,,ACT-CL J2248.5-1606,PSZ2 G047.71-59.47,,,MCXC J2248.5-1606,8.93,4.13,1.87,7.77
2,PSZ2 G208.80-30.67,Abell0521,73.52095,-10.22628,0.248,208.81,9.79,False,True,Abell0521,ABELL 0521,65130,ACT-CL J0454.1-1013,PSZ2 G208.80-30.67,,,MCXC J0454.1-1014,13.95,4.29,2.16,9.0
2,PSZ2 G057.08-74.45,ACT-CL J2351.1-1957,357.7826,-19.9825,0.248,57.09,6.35,False,True,,,,ACT-CL J2351.1-1957,PSZ2 G057.08-74.45,,,RXC J2351.0-1954,9.12,4.13,1.88,7.8
3,PSZ2 G287.96-32.99,101808,74.84916,-75.80179,0.25,287.97,8.34,False,True,,,101808,,PSZ2 G287.96-32.99,,,,11.92,4.22,2.05,8.47
3,PSZ2 G348.43-25.50,93718,291.24051,-49.40846,0.25,348.43,7.84,False,True,,,93718,,PSZ2 G348.43-25.50,,,,11.23,4.2,2.01,8.3
3,PSZ2 G341.44-40.19,ABELL 3732,315.2556,-55.71662,0.25,341.44,6.43,False,True,,ABELL 3732,,ACT-CL J2101.2-5541,PSZ2 G341.44-40.19,,,,9.23,4.14,1.88,7.78
3,PSZ2 G077.20-65.45,ABELL 2645,355.3344,-9.01862,0.251,77.2,5.54,False,True,,ABELL 2645,68289,ACT-CL J2341.2-0901,PSZ2 G077.20-65.45,,,MCXC J2341.2-0901,7.96,4.1,1.79,7.38
3,PSZ2 G240.30-50.34,ABELL 3184,58.64051,-37.75112,0.251,240.31,6.96,False,True,,ABELL 3184,,ACT-CL J0354.5-3745,PSZ2 G240.30-50.34,,,,9.98,4.16,1.93,7.96
3,PSZ2 G018.18-60.00,ABELL 3889,338.71215,-30.54186,0.252,18.19,6.57,False,True,,ABELL 3889,,ACT-CL J2234.8-3033,PSZ2 G018.18-60.00,,,,9.43,4.14,1.9,7.8
3,PSZ2 G006.05+29.43,PSZ2 G006.05+29.43,244.40612,-7.26247,0.252,6.05,7.44,False,True,,,,,PSZ2 G006.05+29.43,,,,10.65,4.18,1.97,8.1
3,PSZ2 G266.83+25.08,PSZ2 G266.83+25.08,155.97147,-27.25218,0.254,266.83,9.94,False,True,PSZ2 G266.83+25.08,ABELL 3444,78664,,PSZ2 G266.83+25.08,,,,14.14,4.3,2.17,8.84
3,PSZ2 G250.68+40.76,ABELL 1001,155.78638,-6.60545,0.254,250.69,5.51,False,True,,ABELL 1001,61854,,PSZ2 G250.68+40.76,,,,7.92,4.1,1.79,7.29
3,PSZ2 G223.93-60.10,PSZ2 G223.93-60.10,46.75288,-28.68437,0.254,223.94,9.39,False,True,PSZ2 G223.93-60.10,ABELL 3088,77253,ACT-CL J0307.0-2840,PSZ2 G223.93-60.10,,,,13.4,4.28,2.13,8.7
3,PSZ2 G308.44+24.24,86325,199.27799,-38.35577,0.255,308.45,8.48,False,True,,,86325,,PSZ2 G308.44+24.24,,,,12.1,4.23,2.06,8.37
3,PSZ2 G323.30+63.66,ABELL 1733,201.74777,2.21185,0.259,323.3,8.67,False,True,,ABELL 1733,57842,ACT-CL J1327.0+0212,PSZ2 G323.30+63.66,,,,12.37,4.24,2.07,8.33
3,PSZ2 G337.14-25.98,99041,288.61938,-59.47221,0.26,337.14,8.88,False,True,,,99041,ACT-CL J1914.6-5928,PSZ2 G337.14-25.98,,,,12.68,4.26,2.09,8.37
3,PSZ2 G053.88-64.60,ABELL 2560,348.23667,-15.98752,0.262,53.88,6.71,False,True,,ABELL 2560,,ACT-CL J2312.9-1600,PSZ2 G053.88-64.60,,,,9.62,4.16,1.9,7.59
3,PSZ2 G037.69-46.87,ACT-CL J2150.5-1622,327.61754,-16.39916,0.263,37.69,6.98,False,True,,,,ACT-CL J2150.5-1622,PSZ2 G037.69-46.87,,,,9.99,4.17,1.93,7.66
3,PSZ2 G052.35-31.98,59135,319.73752,0.54388,0.265,52.36,6.19,False,True,,,59135,,PSZ2 G052.35-31.98,,,,8.89,4.14,1.85,7.32
3,PSZ2 G107.66-58.32,50690,4.89494,3.59648,0.267,107.66,8.39,False,True,,,50690,ACT-CL J0019.6+0336,PSZ2 G107.66-58.32,,,,11.97,4.24,2.04,8.03
3,PSZ2 G089.46-58.09,59607,355.91725,0.30208,0.27,89.47,6.99,False,True,,,59607,ACT-CL J2343.7+0018,PSZ2 G089.46-58.09,,,,10.01,4.18,1.92,7.5
3,PSZ2 G345.32-59.97,ABELL 3937,343.59407,-46.35833,0.27,345.33,6.87,False,True,,ABELL 3937,91084,ACT-CL J2254.3-4620,PSZ2 G345.32-59.97,,,,9.84,4.17,1.91,7.46
3,PSZ2 G228.50+34.95,52413,140.56057,3.75289,0.27,228.5,7.8,False,True,,,52413,ACT-CL J0922.1+0346,PSZ2 G228.50+34.95,,,,11.17,4.22,1.99,7.78
3,PSZ2 G241.76-30.88,PSZ2 G241.76-30.88,83.23167,-37.03963,0.271,241.76,9.45,False,True,PSZ2 G241.76-30.88,,84952,ACT-CL J0532.9-3701,PSZ2 G241.76-30.88,,,,13.45,4.3,2.12,8.26
3,PSZ2 G294.68-37.01,PSZ2 G294.68-37.01,45.99101,-77.90321,0.274,294.68,9.43,False,True,,,,,PSZ2 G294.68-37.01,,,MCXC J0303.7-7752,13.42,4.3,2.12,8.17
3,PSZ2 G254.51-27.32,88948,90.99444,-47.23034,0.274,254.52,6.59,False,True,,,88948,ACT-CL J0603.9-4714,PSZ2 G254.51-27.32,,,,9.43,4.16,1.88,7.26
3,PSZ2 G044.58-20.46,ACT-CL J2025.2+0031,306.28121,0.51884,0.275,44.59,7.62,False,True,,,,ACT-CL J2025.2+0031,PSZ2 G044.58-20.46,,,,10.92,4.21,1.97,7.61
3,PSZ2 G130.21-62.60,55241,16.20291,0.07432,0.277,130.21,7.7,False,True,,,55241,ACT-CL J0104.9+0003,PSZ2 G130.21-62.60,,,,11.03,4.22,1.98,7.59
3,PSZ2 G073.38-80.01,ABELL S0026,4.76352,-20.42016,0.277,73.39,7.56,False,True,,ABELL S0026,72468,ACT-CL J0019.1-2026,PSZ2 G073.38-80.01,,,,10.83,4.21,1.97,7.53
3,PSZ2 G087.03-57.37,ABELL 2631,354.43188,0.26824,0.278,87.04,9.89,False,True,,ABELL 2631,59533,ACT-CL J2337.6+0016,PSZ2 G087.03-57.37,,,,14.07,4.33,2.15,8.21
3,PSZ2 G270.93-58.78,91463,38.94684,-51.36232,0.278,270.94,8.03,False,True,,,91463,ACT-CL J0235.7-5120,PSZ2 G270.93-58.78,,,,11.46,4.23,2.0,7.66
3,PSZ2 G019.12+31.23,53826,249.12273,3.14764,0.28,19.13,8.97,False,True,,,53826,ACT-CL J1636.4+0308,PSZ2 G019.12+31.23,,,,12.8,4.29,2.08,7.9
3,PSZ2 G227.59+22.98,ACT-CL J0839.5-0140,129.86034,-1.67893,0.281,227.59,6.43,False,True,,,,ACT-CL J0839.5-0140,PSZ2 G227.59+22.98,,,,9.22,4.16,1.86,7.07
3,PSZ2 G195.39-29.08,55947,69.30034,0.72715,0.284,195.39,7.5,False,True,,,55947,ACT-CL J0437.1+0043,PSZ2 G195.39-29.08,,,,10.74,4.22,1.96,7.37
3,PSZ2 G281.26-46.90,97180,47.84878,-63.90666,0.284,281.27,5.87,False,True,,,97180,,PSZ2 G281.26-46.90,,,,8.44,4.14,1.81,6.8
3,PSZ2 G244.37-32.15,PSZ2 G244.37-32.15,82.20119,-39.47749,0.284,244.38,9.99,False,True,PSZ2 G244.37-32.15,,85000,ACT-CL J0528.8-3927,PSZ2 G244.37-32.15,,,MCXC J0528.9-3927,14.22,4.34,2.15,8.09
3,PSZ2 G259.98-63.43,PSZ2 G259.98-63.43,38.07817,-44.36122,0.284,259.99,10.17,False,True,PSZ2 G259.98-63.43,,88216,ACT-CL J0232.2-4421,PSZ2 G259.98-63.43,,,MCXC J0232.2-4420,14.47,4.35,2.16,8.15
3,PSZ2 G341.19-36.12,ABELL 3685,308.06559,-56.43517,0.284,341.2,7.75,False,True,,ABELL 3685,96561,ACT-CL J2032.3-5627,PSZ2 G341.19-36.12,,,,11.08,4.23,1.98,7.45
3,PSZ2 G239.43+47.95,ZwCl 1021.0+0426,155.92402,4.16626,0.285,239.43,8.8,False,True,ZwCl 1021.0+0426,,52661,ACT-CL J1023.6+0411,PSZ2 G239.43+47.95,,,,12.56,4.28,2.06,7.74
3,PSZ2 G279.79+39.09,74780,173.87955,-20.34029,0.29,279.79,8.25,False,True,,,74780,,PSZ2 G279.79+39.09,,,,11.78,4.26,2.01,7.47
3,PSZ2 G230.73+27.70,57017,135.37264,-1.6582,0.294,230.74,6.69,False,True,,,57017,ACT-CL J0901.5-0139,PSZ2 G230.73+27.70,,,,9.58,4.18,1.88,6.89
3,PSZ2 G073.82-54.92,ABELL 2537,347.09088,-2.19562,0.297,73.83,7.45,False,True,,ABELL 2537,59487,ACT-CL J2308.3-0211,PSZ2 G073.82-54.92,,,,10.64,4.22,1.94,7.09
3,PSZ2 G331.10+40.81,71021,214.82952,-17.20447,0.299,331.11,8.08,False,True,,,71021,,PSZ2 G331.10+40.81,,,,11.53,4.26,1.99,7.23
3,PSZ2 G286.68+23.18,86128,173.99956,-37.29209,0.3,286.69,6.8,False,True,,,86128,,PSZ2 G286.68+23.18,,,,9.74,4.19,1.88,6.82
3,PSZ2 G263.24-33.18,94822,82.95368,-55.35893,0.3,263.24,5.41,False,True,,,94822,,PSZ2 G263.24-33.18,,,,7.78,4.12,1.75,6.33
3,PSZ2 G081.00-50.93,ABELL 2552,347.89825,3.62869,0.3,81.0,10.1,False,True,,ABELL 2552,54859,ACT-CL J2311.5+0338,PSZ2 G081.00-50.93,,,,14.32,4.37,2.14,7.76
3,PSZ2 G305.88-44.56,PSZ2 G305.88-44.56,5.88655,-72.40409,0.3,305.88,7.67,False,True,,,,,PSZ2 G305.88-44.56,,,,10.95,4.24,1.96,7.1
3,PSZ2 G271.53-56.57,PSZ2 G271.53-56.57,41.3687,-53.04224,0.3,271.54,9.14,False,True,PSZ2 G271.53-56.57,ABELL S0295,91486,ACT-CL J0245.5-5302,PSZ2 G271.53-56.57,,,PSZ1 G271.48-56.5,13.0,4.32,2.07,7.51
3,PSZ2 G083.85-55.43,ACT-CL J2327.7+0058,351.90626,0.94191,0.302,83.86,6.63,False,True,,,,ACT-CL J2327.7+0058,PSZ2 G083.85-55.43,,,,9.5,4.18,1.86,6.73
3,PSZ2 G327.53+25.88,PSZ2 G327.53+25.88,219.0463,-31.93316,0.304,327.53,7.44,False,True,,,,,PSZ2 G327.53+25.88,,,,10.62,4.23,1.93,6.95
3,PSZ2 G251.13-78.15,ACT-CL J0136.2-3359,24.07704,-34.00304,0.304,251.13,5.62,False,True,,,,ACT-CL J0136.2-3359,PSZ2 G251.13-78.15,,,,8.07,4.14,1.77,6.34
3,PSZ2 G109.99-70.28,ABELL 0056,8.48654,-7.85282,0.304,109.99,7.58,False,True,,ABELL 0056,59790,ACT-CL J0033.8-0751,PSZ2 G109.99-70.28,,,,10.83,4.24,1.95,6.98
3,PSZ2 G074.08-54.68,59484,347.04601,-1.92133,0.305,74.09,7.28,False,True,,,59484,ACT-CL J2307.9-0155,PSZ2 G074.08-54.68,,,,10.41,4.22,1.92,6.89
3,PSZ2 G287.54+58.63,62201,184.90696,-3.28409,0.305,287.54,5.7,False,True,,,62201,ACT-CL J1219.6-0318,PSZ2 G287.54+58.63,,,,8.19,4.14,1.77,6.35
3,PSZ2 G253.21+34.25,66237,152.60279,-12.644,0.306,253.21,6.67,False,True,,,66237,,PSZ2 G253.21+34.25,,,,9.55,4.19,1.87,6.67
3,PSZ2 G286.28-38.36,101752,59.80473,-72.0971,0.307,286.28,8.01,False,True,,,101752,,PSZ2 G286.28-38.36,,,,11.44,4.26,1.98,7.07
3,PSZ2 G270.63-35.67,PSZ2 G270.63-35.67,77.48085,-61.28753,0.313,270.63,7.21,False,True,,,,,PSZ2 G270.63-35.67,,,,10.3,4.23,1.91,6.72
3,PSZ2 G317.52+59.94,PSZ2 G317.52+59.94,200.1132,-2.09961,0.316,317.53,6.86,False,True,,,,,PSZ2 G317.52+59.94,,,,9.82,4.21,1.88,6.57
3,PSZ2 G069.66-79.26,ACT-CL J0014.7-2024,3.69232,-20.41487,0.317,69.67,7.98,False,True,,,,ACT-CL J0014.7-2024,PSZ2 G069.66-79.26,,,,11.39,4.27,1.97,6.88
3,PSZ2 G333.89-43.60,99159,324.45711,-60.12007,0.318,333.9,8.98,False,True,,,99159,,PSZ2 G333.89-43.60,,,,12.78,4.33,2.05,7.13
3,PSZ2 G244.74-28.59,ACT-CL J0546.9-3904,86.79434,-39.06452,0.319,244.75,6.68,False,True,,,,ACT-CL J0546.9-3904,PSZ2 G244.74-28.59,,,,9.56,4.2,1.86,6.46
3,PSZ2 G323.08-63.98,ACT-CL J2355.7-5055,358.99553,-50.91413,0.32,323.08,6.16,False,True,,,,ACT-CL J2355.7-5055,PSZ2 G323.08-63.98,,,,8.83,4.17,1.81,6.28
3,PSZ2 G049.80-25.16,59012,312.77128,2.28447,0.321,49.8,8.62,False,True,,,59012,ACT-CL J2051.1+0215,PSZ2 G049.80-25.16,,,,12.27,4.31,2.02,6.98
3,PSZ2 G210.08-60.96,ABELL 0402,44.41812,-22.1627,0.322,210.09,8.17,False,True,,ABELL 0402,73057,ACT-CL J0257.7-2209,PSZ2 G210.08-60.96,,,MCXC J0257.6-2209,11.64,4.29,1.98,6.84
3,PSZ2 G013.74-45.53,ABELL S0946,321.56634,-32.02545,0.323,13.75,6.49,False,True,,ABELL S0946,,ACT-CL J2126.1-3202,PSZ2 G013.74-45.53,,,,9.29,4.2,1.84,6.33
3,PSZ2 G011.72-37.96,ACT-CL J2049.9-3217,312.45047,-32.29987,0.323,11.72,7.25,False,True,,,,ACT-CL J2049.9-3217,PSZ2 G011.72-37.96,,,,10.35,4.24,1.9,6.56
3,PSZ2 G296.27-52.05,96941,22.41213,-64.57923,0.326,296.28,7.16,False,True,,,96941,,PSZ2 G296.27-52.05,,,,10.23,4.23,1.89,6.48
3,PSZ2 G223.47+26.85,52342,131.37058,3.4754,0.327,223.48,7.11,False,True,,,52342,ACT-CL J0845.4+0327,PSZ2 G223.47+26.85,,,,10.15,4.23,1.89,6.46
3,PSZ2 G282.14+38.29,PSZ2 G282.14+38.29,175.40513,-21.74557,0.327,282.14,6.53,False,True,,,,,PSZ2 G282.14+38.29,,,,9.36,4.2,1.84,6.28
3,PSZ2 G341.69+50.67,PSZ2 G341.69+50.67,216.33488,-4.9949,0.33,341.7,7.37,False,True,,,,,PSZ2 G341.69+50.67,,,,10.52,4.25,1.91,6.49
3,PSZ2 G231.79+31.48,ABELL 0776,139.058,-0.4118,0.332,231.79,6.57,False,True,,ABELL 0776,57004,ACT-CL J0916.1-0024,PSZ2 G231.79+31.48,,,,9.4,4.21,1.84,6.21
3,PSZ2 G295.63-51.96,97000,23.35873,-64.56788,0.333,295.64,8.21,False,True,,,97000,,PSZ2 G295.63-51.96,,,,11.68,4.3,1.97,6.67
3,PSZ2 G048.91-25.55,59018,312.67912,1.396,0.333,48.91,7.34,False,True,,,59018,ACT-CL J2050.7+0122,PSZ2 G048.91-25.55,,,,10.48,4.25,1.9,6.43
3,PSZ2 G050.06-27.32,59019,314.73122,1.35633,0.334,50.07,8.9,False,True,,,59019,ACT-CL J2058.9+0122,PSZ2 G050.06-27.32,,,,12.66,4.35,2.03,6.84
3,PSZ2 G215.24-26.10,65279,80.1758,-13.46901,0.336,215.25,8.42,False,True,,,65279,ACT-CL J0520.7-1328,PSZ2 G215.24-26.10,,,PSZ1 G215.29-26.0,11.98,4.32,1.99,6.68
3,PSZ2 G268.34-43.64,ACT-CL J0412.0-5743,63.03703,-57.66236,0.34,268.34,5.93,False,True,,,,ACT-CL J0412.0-5743,PSZ2 G268.34-43.64,,,,8.49,4.18,1.77,5.9
3,PSZ2 G255.51+49.96,ACT-CL J1058.3-0210,164.56971,-2.19055,0.34,255.52,6.73,False,True,,,,ACT-CL J1058.3-0210,PSZ2 G255.51+49.96,,,,9.62,4.22,1.85,6.15
3,PSZ2 G000.77-35.69,RXC J2031.8-4037,307.97284,-40.59873,0.342,0.78,8.54,False,True,RXC J2031.8-4037,,87341,ACT-CL J2031.8-4037,PSZ2 G000.77-35.69,,,,12.16,4.33,1.99,6.63
3,PSZ2 G276.75-59.82,91480,34.32938,-52.71826,0.343,276.76,6.05,False,True,,,91480,ACT-CL J0217.1-5244,PSZ2 G276.75-59.82,,,MCXC J0217.2-5244,8.66,4.19,1.78,5.9
3,PSZ2 G247.69-25.06,85262,92.09635,-40.7577,0.344,247.7,5.83,False,True,,,85262,,PSZ2 G247.69-25.06,,,,8.35,4.17,1.76,5.82
3,PSZ2 G273.54-30.28,PSZ2 G273.54-30.28,88.84752,-64.10518,0.345,273.55,7.6,False,True,,,,,PSZ2 G273.54-30.28,,,,10.85,4.28,1.92,6.32
3,PSZ2 G299.38-57.32,ACT-CL J0106.4-5942,16.6512,-59.70053,0.348,299.39,5.89,False,True,,,,ACT-CL J0106.4-5942,PSZ2 G299.38-57.32,,,,8.43,4.18,1.76,5.78
3,PSZ2 G092.30-55.75,55030,356.1758,3.09359,0.349,92.3,6.93,False,True,,,55030,ACT-CL J2344.6+0305,PSZ2 G092.30-55.75,,,,9.89,4.24,1.86,6.08
3,PSZ2 G287.25+34.96,PSZ2 G287.25+34.96,178.57339,-26.16398,0.349,287.25,7.31,False,True,,,,,PSZ2 G287.25+34.96,,,,10.44,4.27,1.89,6.19
4,PSZ2 G257.09+55.61,MACS J1115.9+0129,168.9493,1.49612,0.35,257.09,9.26,False,True,MACS J1115.9+0129,,57482,ACT-CL J1115.8+0129,PSZ2 G257.09+55.61,,,,13.13,4.39,2.04,6.67
4,PSZ2 G252.95-41.35,ACT-CL J0440.9-4658,70.23231,-46.95804,0.35,252.95,5.83,False,True,,,,ACT-CL J0440.9-4658,PSZ2 G252.95-41.35,,,,8.34,4.18,1.75,5.73
4,PSZ2 G309.43-72.86,87887,10.19432,-44.1328,0.35,309.43,7.85,False,True,,,87887,ACT-CL J0040.8-4407,PSZ2 G309.43-72.86,,,,11.17,4.3,1.93,6.32
4,PSZ2 G093.93-82.22,72538,8.85011,-20.27084,0.352,93.94,9.45,False,True,,,72538,ACT-CL J0035.4-2015,PSZ2 G093.93-82.22,,,,13.41,4.4,2.05,6.69
4,PSZ2 G012.59-20.10,MACS J1931.8-2638,292.97823,-26.56664,0.352,12.59,9.41,False,True,MACS J1931.8-2638,,,ACT-CL J1931.8-2634,PSZ2 G012.59-20.10,,,,13.35,4.4,2.05,6.68
4,PSZ2 G094.46-69.65,ACT-CL J0012.8-0855,3.20298,-8.95052,0.352,94.46,7.35,False,True,,,,ACT-CL J0012.8-0855,PSZ2 G094.46-69.65,,,,10.49,4.27,1.89,6.16
4,PSZ2 G086.73-61.16,ACT-CL J2345.2-0302,356.28618,-3.04272,0.355,86.73,5.9,False,True,,,,ACT-CL J2345.2-0302,PSZ2 G086.73-61.16,,,,8.44,4.19,1.76,5.7
4,PSZ2 G233.68+36.14,57070,143.81963,0.81845,0.357,233.69,7.39,False,True,,,57070,ACT-CL J0935.2+0048,PSZ2 G233.68+36.14,,,,10.55,4.28,1.89,6.11
4,PSZ2 G269.02+22.27,78704,155.95669,-30.70581,0.357,269.02,6.86,False,True,,,78704,,PSZ2 G269.02+22.27,,,,9.79,4.25,1.84,5.95
4,PSZ2 G252.23-50.62,88396,57.06646,-45.24521,0.358,252.24,6.15,False,True,,,88396,ACT-CL J0348.2-4514,PSZ2 G252.23-50.62,,,,8.8,4.21,1.78,5.73
4,PSZ2 G348.90-67.37,PSZ2 G348.90-67.37,351.28438,-41.21183,0.358,348.91,9.7,False,True,PSZ2 G348.90-67.37,ABELL S1121,87763,ACT-CL J2325.2-4111,PSZ2 G348.90-67.37,,,PSZ2 G348.90-67.3,13.74,4.43,2.06,6.65
4,PSZ2 G324.69+62.17,ACT-CL J1331.1+0100,202.82886,0.9957,0.359,324.7,7.56,False,True,,,,ACT-CL J1331.1+0100,PSZ2 G324.69+62.17,,,,10.76,4.29,1.9,6.12
4,PSZ2 G287.56-28.32,PSZ2 G287.56-28.32,94.28947,-76.35143,0.363,287.56,6.47,False,True,,,,,PSZ2 G287.56-28.32,,,,9.23,4.23,1.8,5.76
4,PSZ2 G114.39-60.16,55117,8.62217,2.42263,0.368,114.4,7.79,False,True,,,55117,ACT-CL J0034.5+0225,PSZ2 G114.39-60.16,,,,11.08,4.32,1.91,6.06
4,PSZ2 G101.55-59.03,ACT-CL J0008.1+0201,2.04218,2.03038,0.369,101.55,7.72,False,True,,,,ACT-CL J0008.1+0201,PSZ2 G101.55-59.03,,,,10.98,4.31,1.91,6.02
4,PSZ2 G235.56+23.29,61534,134.0452,-7.71179,0.374,235.56,9.14,False,True,,,61534,,PSZ2 G235.56+23.29,,,,12.96,4.41,2.01,6.31
4,PSZ2 G332.36+62.19,ACT-CL J1344.5+0222,206.12362,2.38902,0.376,332.36,8.02,False,True,,,,ACT-CL J1344.5+0222,PSZ2 G332.36+62.19,,,,11.42,4.34,1.93,6.01
4,PSZ2 G082.88-75.10,68372,2.9823,-15.39868,0.378,82.89,6.83,False,True,,,68372,ACT-CL J0011.7-1523,PSZ2 G082.88-75.10,,,,9.75,4.27,1.83,5.69
4,PSZ2 G021.36-43.02,ACT-CL J2119.6-2611,319.89624,-26.20173,0.38,21.37,7.84,False,True,,,,ACT-CL J2119.6-2611,PSZ2 G021.36-43.02,,,,11.15,4.33,1.91,5.93
4,PSZ2 G281.09-42.51,PSZ2 G281.09-42.51,56.29936,-66.50148,0.38,281.09,6.04,False,True,,,,,PSZ2 G281.09-42.51,,,,8.65,4.22,1.75,5.44
4,PSZ2 G263.03-56.19,ACT-CL J0304.2-4921,46.08524,-49.3557,0.392,263.03,6.34,False,True,,,,ACT-CL J0304.2-4921,PSZ2 G263.03-56.19,,,,9.06,4.25,1.77,5.4
4,PSZ2 G054.95-33.39,59206,322.11803,1.58743,0.392,54.96,9.88,False,True,,,59206,ACT-CL J2128.4+0136,PSZ2 G054.95-33.39,,,,13.97,4.49,2.05,6.24
4,PSZ2 G082.31-67.00,ACT-CL J2351.8-0900,357.94025,-8.96674,0.394,82.31,7.96,False,True,,,,ACT-CL J2351.8-0900,PSZ2 G082.31-67.00,,,,11.31,4.36,1.91,5.79
4,PSZ2 G181.44-44.76,ACT-CL J0320.5+0032,50.12635,0.51147,0.394,181.45,6.93,False,True,,,,ACT-CL J0320.5+0032,PSZ2 G181.44-44.76,,,,9.87,4.29,1.82,5.53
4,PSZ2 G250.04+24.14,70167,143.06493,-17.67143,0.4,250.05,8.97,False,True,,,70167,,PSZ2 G250.04+24.14,,,,12.68,4.43,1.98,5.95
4,PSZ2 G325.99-59.48,ACT-CL J2332.4-5358,353.09638,-53.96566,0.402,325.99,7.57,False,True,,,,ACT-CL J2332.4-5358,PSZ2 G325.99-59.48,,,,10.78,4.34,1.87,5.61
4,PSZ2 G167.66-65.59,64550,29.97755,-8.85889,0.405,167.67,9.72,False,True,,,64550,ACT-CL J0159.8-0849,PSZ2 G167.66-65.59,,,,13.72,4.5,2.03,6.05
4,PSZ2 G289.16+55.27,62254,185.0117,-6.75688,0.41,289.16,7.25,False,True,,,62254,,PSZ2 G289.16+55.27,,,,10.31,4.33,1.84,5.45
4,PSZ2 G224.40-76.54,77013,27.96798,-28.9898,0.413,224.4,7.84,False,True,,,77013,ACT-CL J0151.6-2859,PSZ2 G224.40-76.54,,,,11.13,4.37,1.88,5.55
4,PSZ2 G224.03-76.42,77011,28.11274,-28.91324,0.413,224.04,8.0,False,True,,,77011,ACT-CL J0152.5-2853,PSZ2 G224.03-76.42,,,,11.35,4.38,1.89,5.59
4,PSZ2 G280.23-53.84,94478,38.68215,-58.4917,0.415,280.23,6.46,False,True,,,94478,ACT-CL J0234.7-5831,PSZ2 G280.23-53.84,,,,9.23,4.28,1.77,5.2
4,PSZ2 G048.21-65.00,ACT-CL J2309.8-1819,347.43973,-18.31002,0.42,48.22,7.55,False,True,,,,ACT-CL J2309.8-1819,PSZ2 G048.21-65.00,,,,10.72,4.36,1.85,5.42
4,PSZ2 G272.85+48.79,PSZ2 G272.85+48.79,173.30359,-9.45942,0.42,272.85,7.76,False,True,,,,,PSZ2 G272.85+48.79,,,,11.01,4.38,1.87,5.47
4,PSZ2 G241.11-28.68,PSZ2 G241.11-28.68,85.73781,-35.98426,0.42,241.11,9.93,False,True,PSZ2 G241.11-28.68,,81661,ACT-CL J0542.9-3559,PSZ2 G241.11-28.68,,,,14.0,4.54,2.03,5.92
4,PSZ2 G262.73-40.92,ACT-CL J0438.2-5419,69.59539,-54.32084,0.421,262.73,10.07,False,True,,,,ACT-CL J0438.2-5419,PSZ2 G262.73-40.92,,,,14.19,4.55,2.04,5.94
4,PSZ2 G185.16-53.63,ACT-CL J0259.0-0659,44.76948,-6.97114,0.423,185.17,8.57,False,True,,,,ACT-CL J0259.0-0659,PSZ2 G185.16-53.63,,,,12.12,4.44,1.93,5.61
4,PSZ2 G265.49-30.50,ABELL S0552,87.91245,-57.17215,0.423,265.49,5.56,False,True,,ABELL S0552,94980,ACT-CL J0551.6-5709,PSZ2 G265.49-30.50,,,,7.94,4.22,1.68,4.88
4,PSZ2 G255.60-46.18,91718,62.78922,-48.30302,0.424,255.6,8.53,False,True,,,91718,ACT-CL J0411.2-4819,PSZ2 G255.60-46.18,,,,12.06,4.44,1.93,5.6
4,PSZ2 G228.30-49.02,ABELL 3192,59.70575,-29.93471,0.425,228.31,9.72,False,True,,ABELL 3192,77379,ACT-CL J0358.9-2955,PSZ2 G228.30-49.02,,,,13.7,4.53,2.01,5.83
4,PSZ2 G287.00-35.24,PSZ2 G287.00-35.24,68.10166,-74.16849,0.43,287.0,7.05,False,True,,,,,PSZ2 G287.00-35.24,,,,10.03,4.34,1.81,5.2
4,PSZ2 G264.60-51.07,ABELL 3128,52.66215,-52.50244,0.44,264.6,9.35,False,True,,ABELL 3128,,ACT-CL J0330.9-5228,PSZ2 G264.60-51.07,,,,13.18,4.52,1.97,5.6
4,PSZ2 G283.16-22.91,102091,111.74405,-71.62337,0.45,283.17,9.11,False,True,,,102091,,PSZ2 G283.16-22.91,,,,12.84,4.52,1.95,5.46
